{
  "backend": "variational",
  "dt": 0.02,
  "N": 12,
  "A": [
    [
      1.0,
      0.030113645559215516,
      0.019997367415355752,
      0.000200064333471879
    ],
    [
      0.0,
      1.0527770743116616,
      -2.611852908027329e-06,
      0.020350628771579043
    ],
    [
      0.0,
      3.0374476096695693,
      0.9997354557097574,
      0.030113645559215516
    ],
    [
      0.0,
      5.32351994268726,
      -0.0002634475575763798,
      1.0527770743116616
    ]
  ],
  "B": [
    [
      0.011192961922808683
    ],
    [
      0.011104816785830465
    ],
    [
      1.1247631387867096
    ],
    [
      1.120100159763518
    ]
  ],
  "C": [
    [
      1.0,
      0.0,
      0.0,
      0.0
    ],
    [
      0.0,
      1.0,
      0.0,
      0.0
    ]
  ],
  "L": [
    [
      0.9707019478870462,
      0.061851572345613934
    ],
    [
      0.016849919276809382,
      0.9477040198078667
    ],
    [
      11.525427142231656,
      3.9803740532970653
    ],
    [
      0.47580910538569043,
      13.750046647644771
    ]
  ],
  "QDiag": [
    5000.0,
    400.0,
    1.0,
    1.0
  ],
  "RDiag": [
    1.0
  ],
  "QfScale": 10.0,
  "alphaMax": 0.2617993877991494,
  "uMax": 15.0,
  "sigma0": 6.0,
  "lambda": 0.75,
  "K": 128,
  "chebOrder": 5,
  "chebBound": 15.0,
  "chebEta": 1.0,
  "chebClip": true,
  "encryptedCacheSteps": 10,
  "encryptedWorkers": 4,
  "ckksLogN": 12,
  "ckksLogQ": [
    33,
    30,
    30,
    30
  ],
  "ckksLogP": [
    35
  ],
  "ckksLogDefaultScale": 30,
  "x0": [
    0.0,
    0.0,
    0.0,
    0.0
  ]
}